,Civilité,Nom,Prénom,Email,Téléphone,Date naissance,Date examen,age,>=40,Club,Darga,Poids,UV,Table Jury
97,M.,EUSTACHE,Ludovic,ludovic.eustache@yahoo.fr,06.25.84.31.43,1990-12-19 00:00:00,2021-01-30,30,,ASKM,Exam. 1d,69,,Jury19
120,M.,GAONAC'H- ALTALAWY,Alexandre,alexandregaonach94@gmail.com,06.11.02.48.92,2000-04-18 00:00:00,2021-01-30,20,,EKMC,Exam. 1d,71,,Jury23
206,M.,MERKEL,CYRIL,cyril.merkel@gmail.com,06.08.64.90.77,1962-02-26 00:00:00,2021-01-30,58,1.0,BODY VIP,Exam. 1d,78,"5a,6",Jury21
159,M.,LAVAL,Christian,c.laval78@gmail.com,06.10.61.01.26,1967-10-07 00:00:00,2021-01-30,53,1.0,AKMC91,Exam. 1d,78,,Jury37
242,M.,POTIER,Maxime,maximepotier1978@gmail.com,06.58.50.05.92,1978-09-14 00:00:00,2020-03-28,41,1.0,KMAmiens,Exam. 1d,82,,Jury40
12,M.,BAQUE,OLIVIER,olivbaq@orange.fr,06.27.30.07.95,1974-08-03 00:00:00,2021-01-30,46,1.0,AKMTB,Exam. 1d,81,,Jury17
178,M.,LEMMEL,OLIVIER ,olivier.lemmel@gmail.com,06.17.48.80.39,1974-11-11 00:00:00,2021-01-30,46,1.0,ASKM,Exam. 1d,95,,Jury39
298,M.,VENET,Laurent,l.f.venet@wanadoo.fr,06.36.36.32.20,1971-05-12 00:00:00,2021-01-30,49,1.0,AKMC91,Exam. 1d,93,4.6,Jury39
